<?xml version="1.0" encoding="UTF-8" standalone="yes" ?>
<appProperties xmlns="http://schemas.mathworks.com/matlab/app/2012/appProperties" signature="AF0AFC9B17D2181A5C11601BCA595D26CA47383E">

  <entryPoint>Mic_Control_Pannel</entryPoint>

  <name>IRES Acoustics Control Pannel</name>

  <version>1.0</version>

  <createdByMATLABRelease>(R2022a)</createdByMATLABRelease>

  <GUID>f77ba5ff-e6be-4da5-abda-bb50d9e1feb2</GUID>

  <summary>Acoustics Controls app for the IRES 2023 Summer Program.</summary>

  <description>Requires DAQ to be connected with all terminal blocks connected to DAQ.</description>

  <author>
    <name>Sam Kramer</name>
    <contact>samkramer6@vt.edu</contact>
    <organization></organization>
  </author>

  <supportedPlatforms/>

  <requiredProducts/>

  <numFiles>8</numFiles>

  <created>2023-06-12T02:10:43Z</created>

  <appEntries>
    <appFile>/Chirp 440 Hz.wav</appFile>
    <appFile>/Tone 440 Hz.mp3</appFile>
    <appFile>/Nyctalus_leisleri_3_o.wav</appFile>
    <appFile>/Vertical_VT_Full_Color_RGB.png</appFile>
    <appFile>/Mic_Control_Pannel.mlapp</appFile>
    <appFile>/Shaking Keys.mp3</appFile>
    <appFile>/UBD logo original.png</appFile>
    <appFile>/DTMF Tones.wav</appFile>
  </appEntries>

</appProperties>
