<?xml version="1.0" encoding="UTF-8" standalone="yes" ?>
<cp:coreProperties xmlns:cp="http://schemas.openxmlformats.org/package/2006/metadata/core-properties" xmlns:dc="http://purl.org/dc/elements/1.1/" xmlns:dcmitype="http://purl.org/dc/dcmitype/" xmlns:dcterms="http://purl.org/dc/terms/" xmlns:xsi="http://www.w3.org/2001/XMLSchema-instance">
  <dcterms:created xsi:type="dcterms:W3CDTF">2023-06-12T02:10:43Z</dcterms:created>
  <dc:creator>Sam Kramer</dc:creator>
  <dc:description>Requires DAQ to be connected with all terminal blocks connected to DAQ.</dc:description>
  <dc:title>IRES Acoustics Control Pannel</dc:title>
  <cp:version>1.0</cp:version>
</cp:coreProperties>
