<?xml version="1.0" encoding="UTF-8" standalone="yes" ?>
<fileEntries xmlns="http://schemas.mathworks.com/matlab/compiler/2011/fileManifest" encoding="UTF-8" platform="win64">
  <fileEntry content="/fsroot/Chirp%20440%20Hz.wav" date="2023-06-09T07:31:29Z" name="/Chirp 440 Hz.wav" permissions="37302" type="File"/>
  <fileEntry content="/fsroot/DTMF%20Tones.wav" date="2023-06-09T07:33:39Z" name="/DTMF Tones.wav" permissions="37302" type="File"/>
  <fileEntry content="/fsroot/Mic_Control_Pannel.mlapp" date="2023-06-12T01:54:34Z" name="/Mic_Control_Pannel.mlapp" permissions="37302" type="File"/>
  <fileEntry content="/fsroot/Nyctalus_leisleri_3_o.wav" date="2023-06-12T01:32:52Z" name="/Nyctalus_leisleri_3_o.wav" permissions="37302" type="File"/>
  <fileEntry content="/fsroot/Shaking%20Keys.mp3" date="2023-06-09T07:22:32Z" name="/Shaking Keys.mp3" permissions="37302" type="File"/>
  <fileEntry content="/fsroot/Tone%20440%20Hz.mp3" date="2023-06-09T07:23:54Z" name="/Tone 440 Hz.mp3" permissions="37302" type="File"/>
  <fileEntry content="/fsroot/UBD%20logo%20original.png" date="2023-06-07T08:43:53Z" name="/UBD logo original.png" permissions="37302" type="File"/>
  <fileEntry content="/fsroot/Vertical_VT_Full_Color_RGB.png" date="2023-06-07T08:42:04Z" name="/Vertical_VT_Full_Color_RGB.png" permissions="37302" type="File"/>
</fileEntries>
